세세분류명,KSIC,업종구분,EFIS
곡물 및 기타 식량 작물 재배업,01110,농림어업,1
채소작물 재배업,01121,농림어업,1
화훼작물 재배업,01122,농림어업,1
종자 및 묘목 생산업,01123,농림어업,1
과실작물 재배업,01131,농림어업,1
음료용 및 향신용 작물 재배업,01132,농림어업,1
기타 작물 재배업,01140,농림어업,1
콩나물 재배업,01151,농림어업,1
"채소, 화훼 및 과실작물 시설 재배업",01152,농림어업,1
기타 시설작물 재배업,01159,농림어업,1
젖소 사육업,01211,농림어업,1
육우 사육업,01212,농림어업,1
양돈업,01220,농림어업,1
양계업,01231,농림어업,1
기타 가금류 및 조류 사육업,01239,농림어업,1
말 및 양 사육업,01291,농림어업,1
그 외 기타 축산업,01299,농림어업,1
작물재배 및 축산 복합농업,01300,농림어업,1
작물재배 지원 서비스업,01411,농림어업,1
"농산물 건조, 선별 및 기타 수확 후 서비스업",01412,농림어업,1
축산 관련 서비스업,01420,농림어업,1
수렵 및 관련 서비스업,01500,농림어업,1
임업용 종묘 생산업,02011,농림어업,1
육림업,02012,농림어업,1
벌목업,02020,농림어업,1
임산물 채취업,02030,농림어업,1
임업 관련 서비스업,02040,농림어업,1
원양 어업,03111,농림어업,1
연근해 어업,03112,농림어업,1
내수면 어업,03120,농림어업,1
해수면 양식 어업,03211,농림어업,1
내수면 양식 어업,03212,농림어업,1
수산물 부화 및 수산종자 생산업,03213,농림어업,1
어업 관련 서비스업,03220,농림어업,1
석탄 광업,05100,광업,2
원유 및 천연가스 채굴업,05200,광업,2
철 광업,06100,광업,2
비철금속 광업,06200,광업,2
석회석 및 점토광업,07110,광업,2
건설용 석재 채굴 및 쇄석 생산업,07121,광업,2
모래 및 자갈 채취업,07122,광업,2
화학용 및 비료원료용 광물 광업,07210,광업,2
천일염 생산 및 암염 채취업,07220,광업,2
그 외 기타 비금속 광물 광업,07290,광업,2
광업 지원 서비스업,08000,광업,2
육류 도축업(가금류 제외),10111,음식료,3
가금류 도축업,10112,음식료,3
가금류 가공 및 저장 처리업,10121,음식료,3
육류 포장육 및 냉동육 가공업(가금류 제외),10122,음식료,3
육류 기타 가공 및 저장처리업(가금류 제외),10129,음식료,3
"수산동물 훈제, 조리 및 유사 조제식품 제조업",10211,음식료,3
수산동물 건조 및 염장품 제조업,10212,음식료,3
수산동물 냉동품 제조업,10213,음식료,3
기타 수산동물 가공 및 저장처리업,10219,음식료,3
수산식물 가공 및 저장 처리업,10220,음식료,3
김치류 제조업,10301,음식료,3
과실 및 그 외 채소 절임식품 제조업,10302,음식료,3
기타 과실ㆍ채소 가공 및 저장처리업,10309,음식료,3
동물성 유지 제조업,10401,음식료,3
식물성 유지 제조업,10402,음식료,3
식용 정제유 및 가공유 제조업,10403,음식료,3
액상시유 및 기타 낙농제품 제조업,10501,음식료,3
아이스크림 및 기타 식용빙과류 제조업,10502,음식료,3
곡물 도정업,10611,음식료,3
곡물 제분업,10612,음식료,3
곡물 혼합 분말 및 반죽 제조업,10613,음식료,3
기타 곡물 가공품 제조업,10619,음식료,3
전분제품 및 당류 제조업,10620,음식료,3
떡류 제조업,10711,음식료,3
빵류 제조업,10712,음식료,3
과자류 및 코코아 제품 제조업,10713,음식료,3
설탕 제조업,10720,음식료,3
"면류, 마카로니 및 유사식품 제조업",10730,음식료,3
"식초, 발효 및 화학 조미료 제조업",10741,음식료,3
천연 및 혼합조제 조미료 제조업,10742,음식료,3
장류 제조업,10743,음식료,3
기타 식품 첨가물 제조업,10749,음식료,3
도시락류 제조업,10751,음식료,3
기타 식사용 가공처리 조리식품 제조업,10759,음식료,3
커피 가공업,10791,음식료,3
차류 가공업,10792,음식료,3
수프 및 균질화 식품 제조업,10793,음식료,3
두부 및 유사식품 제조업,10794,음식료,3
인삼식품 제조업,10795,음식료,3
건강보조용 액화식품 제조업,10796,음식료,3
건강 기능식품 제조업,10797,음식료,3
그 외 기타 식료품 제조업,10799,음식료,3
배합사료 제조업,10801,음식료,3
단미사료 및 기타 사료 제조업,10802,음식료,3
탁주 및 약주 제조업,11111,음식료,3
맥아 및 맥주 제조업,11112,음식료,3
기타 발효주 제조업,11119,음식료,3
주정 제조업,11121,음식료,3
소주 제조업,11122,음식료,3
기타 증류주 및 합성주 제조업,11129,음식료,3
얼음 제조업,11201,음식료,3
생수 생산업,11202,음식료,3
기타 비알코올 음료 제조업,11209,음식료,3
담배제품 제조업,12000,음식료,3
면 방적업,13101,섬유,4
모 방적업,13102,섬유,4
화학섬유 방적업,13103,섬유,4
연사 및 가공사 제조업,13104,섬유,4
기타 방적업,13109,섬유,4
면직물 직조업,13211,섬유,4
모직물 직조업,13212,섬유,4
화학섬유 직물직조업,13213,섬유,4
특수직물 및 기타 직물 직조업,13219,섬유,4
침구 및 관련제품 제조업,13221,섬유,4
자수제품 및 자수용 재료 제조업,13222,섬유,4
커튼 및 유사제품 제조업,13223,섬유,4
"천막, 텐트 및 유사 제품 제조업",13224,섬유,4
직물포대 제조업,13225,섬유,4
기타 직물제품 제조업,13229,섬유,4
편조원단 제조업,13300,섬유,4
솜 및 실 염색가공업,13401,섬유,4
"직물, 편조원단 및 의복류 염색 가공업",13402,섬유,4
날염 가공업,13403,섬유,4
섬유제품 기타 정리 및 마무리 가공업,13409,섬유,4
"카펫, 마루덮개 및 유사제품 제조업",13910,섬유,4
끈 및 로프 제조업,13921,섬유,4
어망 및 기타 끈가공품 제조업,13922,섬유,4
세폭직물 제조업,13991,섬유,4
부직포 및 펠트 제조업,13992,섬유,4
특수사 및 코드직물 제조업,13993,섬유,4
표면처리 및 적층 직물 제조업,13994,섬유,4
그 외 기타 분류 안된 섬유제품 제조업,13999,섬유,4
남자용 겉옷 제조업,14111,의류,5
여자용 겉옷 제조업,14112,의류,5
속옷 및 잠옷 제조업,14120,의류,5
한복 제조업,14130,의류,5
셔츠 및 블라우스 제조업,14191,의류,5
"근무복, 작업복 및 유사의복 제조업",14192,의류,5
가죽의복 제조업,14193,의류,5
유아용 의복 제조업,14194,의류,5
그 외 기타 봉제의복 제조업,14199,의류,5
모피제품 제조업,14200,의류,5
편조의복 제조업,14300,의류,5
스타킹 및 기타 양말 제조업,14411,의류,5
기타 편조의복 액세서리 제조업,14419,의류,5
모자 제조업,14491,의류,5
그 외 기타 의복 액세서리 제조업,14499,의류,5
모피 및 가죽 제조업,15110,가죽신발,6
핸드백 및 지갑 제조업,15121,가죽신발,6
가방 및 기타 보호용 케이스 제조업,15129,가죽신발,6
기타 가죽제품 제조업,15190,가죽신발,6
구두류 제조업,15211,가죽신발,6
기타 신발 제조업,15219,가죽신발,6
신발 부분품 제조업,15220,가죽신발,6
일반 제재업,16101,목재,7
표면가공 목재 및 특정 목적용 제재목 제조업,16102,목재,7
"목재 보존, 방부처리, 도장 및 유사 처리업",16103,목재,7
"박판, 합판 및 유사 적층판 제조업",16211,목재,7
강화 및 재생 목재 제조업,16212,목재,7
목재문 및 관련제품 제조업,16221,목재,7
기타 건축용 나무제품 제조업,16229,목재,7
목재 깔판류 및 기타 적재판 제조업,16231,목재,7
"목재 포장용 상자, 드럼 및 유사용기 제조업",16232,목재,7
목재 도구 및 주방용 나무제품 제조업,16291,목재,7
장식용 목제품 제조업,16292,목재,7
그 외 기타 나무제품 제조업,16299,목재,7
코르크 및 조물제품 제조업,16300,목재,7
펄프 제조업,17110,제지,8
신문용지 제조업,17121,제지,8
인쇄용 및 필기용 원지 제조업,17122,제지,8
크라프트지 및 상자용 판지 제조업,17123,제지,8
"적층, 합성 및 특수 표면처리 종이 제조업",17124,제지,8
위생용 원지 제조업,17125,제지,8
기타 종이 및 판지 제조업,17129,제지,8
골판지 제조업,17211,제지,8
골판지 상자 및 가공제품 제조업,17212,제지,8
종이 포대 및 가방 제조업,17221,제지,8
판지 상자 및 용기 제조업,17222,제지,8
식품 위생용 종이 상자 및 용기 제조업,17223,제지,8
기타 종이 상자 및 용기 제조업,17229,제지,8
문구용 종이제품 제조업,17901,제지,8
위생용 종이제품 제조업,17902,제지,8
벽지 및 장판지 제조업,17903,제지,8
그 외 기타 종이 및 판지 제품 제조업,17909,제지,8
경 인쇄업,18111,인쇄,9
스크린 인쇄업,18112,인쇄,9
오프셋 인쇄업,18113,인쇄,9
기타 인쇄업,18119,인쇄,9
제판 및 조판업,18121,인쇄,9
제책업,18122,인쇄,9
기타 인쇄관련 산업,18129,인쇄,9
기록매체 복제업,18200,인쇄,9
코크스 및 관련 제품 제조업,19101,기타 제조업,10
연탄 및 기타 석탄 가공품 제조업,19102,기타 제조업,10
원유 정제처리업,19210,석유정제,11
윤활유 및 그리스 제조업,19221,석유정제,11
기타 석유 정제물 재처리업,19229,석유정제,11
석유화학계 기초 화학 물질 제조업,20111,석유화학,12
천연수지 및 나무 화학물질 제조업,20112,석유화학,12
석탄화학계 화합물 및 기타 기초 유기 화학 물질 제조업,20119,석유화학,12
산업용 가스 제조업,20121,석유화학,12
기타 기초 무기 화학물질 제조업,20129,석유화학,12
무기안료용 금속 산화물 및 관련 제품 제조업,20131,석유화학,12
"염료, 조제 무기안료, 유연제 및 기타 착색제 제조업",20132,석유화학,12
합성고무 제조업,20201,석유화학,12
합성수지 및 기타 플라스틱 물질 제조업,20202,석유화학,12
혼성 및 재생 플라스틱 소재 물질 제조업,20203,석유화학,12
"질소화합물, 질소, 인산 및 칼리질 화학비료 제조업",20311,정밀화학,13
복합비료 및 기타 화학비료 제조업,20312,정밀화학,13
유기질 비료 및 상토 제조업,20313,정밀화학,13
화학 살균ㆍ살충제 및 농업용 약제 제조업,20321,정밀화학,13
생물 살균ㆍ살충제 및 식물보호제 제조업,20322,정밀화학,13
일반용 도료 및 관련 제품 제조업,20411,정밀화학,13
요업용 도포제 및 관련 제품 제조업,20412,정밀화학,13
인쇄잉크 및 회화용 물감 제조업,20413,정밀화학,13
계면활성제 제조업,20421,정밀화학,13
"치약, 비누 및 기타 세제 제조업",20422,정밀화학,13
화장품 제조업,20423,정밀화학,13
표면광택제 및 실내가향제 제조업,20424,정밀화학,13
감광재료 및 관련 화학제품 제조업,20491,정밀화학,13
가공 및 정제염 제조업,20492,정밀화학,13
접착제 및 젤라틴 제조업,20493,정밀화학,13
화약 및 불꽃제품 제조업,20494,정밀화학,13
바이오 연료 및 혼합물 제조업,20495,정밀화학,13
그 외 기타 분류 안된 화학제품 제조업,20499,정밀화학,13
합성섬유 제조업,20501,섬유,4
재생섬유 제조업,20502,섬유,4
의약용 화합물 및 항생물질 제조업,21101,의약,14
생물학적 제제 제조업,21102,의약,14
완제 의약품 제조업,21210,의약,14
한의약품 제조업,21220,의약,14
동물용 의약품 제조업,21230,의약,14
의료용품 및 기타 의약 관련제품 제조업,21300,의약,14
타이어 및 튜브 제조업,22111,타이어,15
타이어 재생업,22112,타이어,15
고무패킹류 제조업,22191,고무,16
산업용 그 외 비경화 고무제품 제조업,22192,고무,16
고무의류 및 기타 위생용 비경화 고무제품 제조업,22193,고무,16
그 외 기타 고무제품 제조업,22199,고무,16
"플라스틱 선, 봉, 관 및 호스 제조업",22211,플라스틱,17
플라스틱 필름 제조업,22212,플라스틱,17
플라스틱 시트 및 판 제조업,22213,플라스틱,17
플라스틱 합성피혁 제조업,22214,플라스틱,17
벽 및 바닥 피복용 플라스틱제품 제조업,22221,플라스틱,17
설치용 및 위생용 플라스틱제품 제조업,22222,플라스틱,17
플라스틱 창호 제조업,22223,플라스틱,17
기타 건축용 플라스틱 조립제품 제조업,22229,플라스틱,17
"플라스틱 포대, 봉투 및 유사제품 제조업",22231,플라스틱,17
포장용 플라스틱 성형용기 제조업,22232,플라스틱,17
운송장비 조립용 플라스틱제품 제조업,22241,플라스틱,17
기타 기계·장비 조립용 플라스틱제품 제조업,22249,플라스틱,17
폴리스티렌 발포 성형제품 제조업,22251,플라스틱,17
기타 플라스틱 발포 성형제품 제조업,22259,플라스틱,17
플라스틱 접착처리 제품 제조업,22291,플라스틱,17
"플라스틱 적층, 도포 및 기타 표면처리 제품 제조업",22292,플라스틱,17
그 외 기타 플라스틱 제품 제조업,22299,플라스틱,17
판유리 제조업,23111,유리,18
안전유리 제조업,23112,유리,18
기타 판유리 가공품 제조업,23119,유리,18
"1차 유리제품, 유리섬유 및 광학용 유리 제조업",23121,유리,18
디스플레이 장치용 유리 제조업,23122,유리,18
기타 산업용 유리제품 제조업,23129,유리,18
가정용 유리제품 제조업,23191,유리,18
포장용 유리용기 제조업,23192,유리,18
그 외 기타 유리제품 제조업,23199,유리,18
정형 내화 요업제품 제조업,23211,세라믹,19
부정형 내화 요업제품 제조업,23212,세라믹,19
가정용 및 장식용 도자기 제조업,23221,세라믹,19
위생용 및 산업용 도자기 제조업,23222,세라믹,19
기타 일반 도자기 제조업,23229,세라믹,19
"점토 벽돌, 블록 및 유사 비내화 요업제품 제조업",23231,세라믹,19
타일 및 유사 비내화 요업제품 제조업,23232,세라믹,19
기타 건축용 비내화 요업제품 제조업,23239,세라믹,19
시멘트 제조업,23311,시멘트,20
석회 및 플라스터 제조업,23312,시멘트,20
비내화 모르타르 제조업,23321,시멘트,20
레미콘 제조업,23322,시멘트,20
플라스터 혼합 제품 제조업,23323,시멘트,20
"콘크리트 타일, 기와, 벽돌 및 블록 제조업",23324,시멘트,20
콘크리트 관 및 기타 구조용 콘크리트제품 제조업,23325,시멘트,20
그 외 기타 콘크리트 제품 및 유사제품 제조업,23329,시멘트,20
건설용 석제품 제조업,23911,기타 비금속,21
기타 석제품 제조업,23919,기타 비금속,21
아스팔트 콘크리트 및 혼합제품 제조업,23991,기타 비금속,21
연마재 제조업,23992,기타 비금속,21
비금속광물 분쇄물 생산업,23993,기타 비금속,21
암면 및 유사제품 제조업,23994,기타 비금속,21
탄소섬유 제조업,23995,기타 비금속,21
그 외 기타 분류 안된 비금속 광물제품 제조업,23999,기타 비금속,21
제철업,24111,철강,22
제강업,24112,철강,22
합금철 제조업,24113,철강,22
기타 제철 및 제강업,24119,철강,22
열간 압연 및 압출 제품 제조업,24121,철강,22
냉간 압연 및 압출 제품 제조업,24122,철강,22
철강선 제조업,24123,철강,22
주철관 제조업,24131,철강,22
강관 제조업,24132,철강,22
강관 가공품 및 관연결구류 제조업,24133,철강,22
"도금, 착색 및 기타 표면처리 강재 제조업",24191,철강,22
그 외 기타 1차 철강 제조업,24199,철강,22
"동 제련, 정련 및 합금 제조업",24211,비철금속,23
"알루미늄 제련, 정련 및 합금 제조업",24212,비철금속,23
"연 및 아연 제련, 정련 및 합금 제조업",24213,비철금속,23
"기타 비철금속 제련, 정련 및 합금 제조업",24219,비철금속,23
"동 압연, 압출 및 연신제품 제조업",24221,비철금속,23
"알루미늄 압연, 압출 및 연신제품 제조업",24222,비철금속,23
"기타 비철금속 압연, 압출 및 연신제품 제조업",24229,비철금속,23
기타 1차 비철금속 제조업,24290,비철금속,23
선철주물 주조업,24311,주조,24
강주물 주조업,24312,주조,24
알루미늄주물 주조업,24321,주조,24
동주물 주조업,24322,주조,24
기타 비철금속 주조업,24329,주조,24
"금속 문, 창, 셔터 및 관련 제품 제조업",25111,조립금속,25
구조용 금속 판제품 및 공작물 제조업,25112,조립금속,25
육상 금속 골조 구조재 제조업,25113,조립금속,25
수상 금속 골조 구조재 제조업,25114,조립금속,25
기타 구조용 금속제품 제조업,25119,조립금속,25
산업용 난방보일러 및 방열기 제조업,25121,조립금속,25
금속탱크 및 저장용기 제조업,25122,조립금속,25
압축 및 액화 가스용기 제조업,25123,조립금속,25
핵반응기 및 증기보일러 제조업,25130,조립금속,25
무기 및 총포탄 제조업,25200,조립금속,25
분말야금제품 제조업,25911,조립금속,25
금속단조제품 제조업,25912,조립금속,25
자동차용 금속 압형제품 제조업,25913,조립금속,25
그 외 금속 압형제품 제조업,25914,조립금속,25
금속 열처리업,25921,조립금속,25
도금업,25922,조립금속,25
도장 및 기타 피막처리업,25923,조립금속,25
절삭가공 및 유사 처리업,25924,조립금속,25
그 외 기타 금속가공업,25929,조립금속,25
날붙이 제조업,25931,조립금속,25
일반철물 제조업,25932,조립금속,25
비동력식 수공구 제조업,25933,조립금속,25
톱 및 호환성공구 제조업,25934,조립금속,25
볼트 및 너트류 제조업,25941,조립금속,25
그 외 금속파스너 및 나사제품 제조업,25942,조립금속,25
금속 스프링 제조업,25943,조립금속,25
금속선 가공제품 제조업,25944,조립금속,25
금속캔 및 기타 포장용기 제조업,25991,조립금속,25
수동식 식품 가공기기 및 금속 주방용기 제조업,25992,조립금속,25
금속 위생용품 제조업,25993,조립금속,25
금속 표시판 제조업,25994,조립금속,25
피복 및 충전 용접봉 제조업,25995,조립금속,25
그 외 기타 분류 안된 금속 가공제품 제조업,25999,조립금속,25
메모리용 전자집적회로 제조업,26111,반도체,26
비메모리용 및 기타 전자집적회로 제조업,26112,반도체,26
발광 다이오드 제조업,26121,반도체,26
기타 반도체소자 제조업,26129,반도체,26
액정 표시장치 제조업,26211,디스플레이,27
유기발광 표시장치 제조업,26212,디스플레이,27
기타 표시장치 제조업,26219,디스플레이,27
인쇄회로기판용 적층판 제조업,26221,기타 전자부품,28
경성 인쇄회로기판 제조업,26222,기타 전자부품,28
연성 및 기타 인쇄회로기판 제조업,26223,기타 전자부품,28
전자부품 실장기판 제조업,26224,기타 전자부품,28
전자축전기 제조업,26291,기타 전자부품,28
전자저항기 제조업,26292,기타 전자부품,28
전자카드 제조업,26293,기타 전자부품,28
"전자코일, 변성기 및 기타 전자유도자 제조업",26294,기타 전자부품,28
전자감지장치 제조업,26295,기타 전자부품,28
그 외 기타 전자부품 제조업,26299,기타 전자부품,28
컴퓨터 제조업,26310,컴퓨터,29
기억장치 제조업,26321,컴퓨터,29
컴퓨터 모니터 제조업,26322,컴퓨터,29
컴퓨터 프린터 제조업,26323,컴퓨터,29
기타 주변기기 제조업,26329,컴퓨터,29
유선 통신장비 제조업,26410,통신기기,30
방송장비 제조업,26421,통신기기,30
이동전화기 제조업,26422,통신기기,30
기타 무선 통신장비 제조업,26429,통신기기,30
텔레비전 제조업,26511,가전,31
비디오 및 기타 영상기기 제조업,26519,가전,31
"라디오, 녹음 및 재생 기기 제조업",26521,가전,31
기타 음향기기 제조업,26529,가전,31
마그네틱 및 광학 매체 제조업,26600,가전,31
방사선 장치 제조업,27111,정밀기기,32
전기식 진단 및 요법 기기 제조업,27112,정밀기기,32
치과용 기기 제조업,27191,정밀기기,32
정형외과용 및 신체 보정용 기기 제조업,27192,정밀기기,32
안경 및 안경렌즈 제조업,27193,정밀기기,32
의료용 가구 제조업,27194,정밀기기,32
그 외 기타 의료용 기기 제조업,27199,정밀기기,32
"레이더, 항행용 무선기기 및 측량기구 제조업",27211,정밀기기,32
"전자기 측정, 시험 및 분석기구 제조업",27212,정밀기기,32
"물질 검사, 측정 및 분석기구 제조업",27213,정밀기기,32
속도계 및 적산계기 제조업,27214,정밀기기,32
기기용 자동측정 및 제어장치 제조업,27215,정밀기기,32
산업처리공정 제어장비 제조업,27216,정밀기기,32
"기타 측정, 시험, 항해, 제어 및 정밀기기 제조업",27219,정밀기기,32
광학렌즈 및 광학요소 제조업,27301,정밀기기,32
"사진기, 영사기 및 관련 장비 제조업",27302,정밀기기,32
기타 광학기기 제조업,27309,정밀기기,32
시계 및 시계부품 제조업,27400,정밀기기,32
전동기 및 발전기 제조업,28111,전기기기,33
변압기 제조업,28112,전기기기,33
방전램프용 안정기 제조업,28113,전기기기,33
에너지 저장장치 제조업,28114,전기기기,33
기타 전기변환장치 제조업,28119,전기기기,33
"전기회로 개폐, 보호장치 제조업",28121,전기기기,33
전기회로 접속장치 제조업,28122,전기기기,33
배전반 및 전기자동 제어반 제조업,28123,전기기기,33
일차전지 제조업,28201,전지,34
축전지 제조업,28202,전지,34
광섬유 케이블 제조업,28301,전기기기,33
기타 절연선 및 케이블 제조업,28302,전기기기,33
절연코드 세트 및 기타 도체 제조업,28303,전기기기,33
전구 및 램프 제조업,28410,가전,31
운송장비용 조명장치 제조업,28421,가전,31
일반용 전기 조명장치 제조업,28422,가전,31
전시 및 광고용 조명장치 제조업,28423,가전,31
기타 조명장치 제조업,28429,가전,31
주방용 전기기기 제조업,28511,가전,31
가정용 전기 난방기기 제조업,28512,가전,31
기타 가정용 전기기기 제조업,28519,가전,31
가정용 비전기식 조리 및 난방 기구 제조업,28520,가전,31
전기경보 및 신호장치 제조업,28901,전기기기,33
전기용 탄소제품 및 절연제품 제조업,28902,전기기기,33
교통 신호장치 제조업,28903,전기기기,33
그 외 기타 전기장비 제조업,28909,전기기기,33
내연기관 제조업,29111,일반목적기계,35
기타 기관 및 터빈 제조업,29119,일반목적기계,35
유압기기 제조업,29120,일반목적기계,35
액체 펌프 제조업,29131,일반목적기계,35
기체 펌프 및 압축기 제조업,29132,일반목적기계,35
"탭, 밸브 및 유사장치 제조업",29133,일반목적기계,35
구름베어링 제조업,29141,일반목적기계,35
기어 및 동력전달장치 제조업,29142,일반목적기계,35
"산업용 오븐, 노 및 노용 버너 제조업",29150,일반목적기계,35
산업용 트럭 및 적재기 제조업,29161,일반목적기계,35
승강기 제조업,29162,일반목적기계,35
컨베이어 장치 제조업,29163,일반목적기계,35
기타 물품 취급장비 제조업,29169,일반목적기계,35
산업용 냉장 및 냉동 장비 제조업,29171,일반목적기계,35
공기 조화장치 제조업,29172,일반목적기계,35
산업용 송풍기 및 배기장치 제조업,29173,일반목적기계,35
기체 여과기 제조업,29174,일반목적기계,35
액체 여과기 제조업,29175,일반목적기계,35
"증류기, 열교환기 및 가스발생기 제조업",29176,일반목적기계,35
사무용 기계 및 장비 제조업,29180,일반목적기계,35
일반저울 제조업,29191,일반목적기계,35
"용기세척, 포장 및 충전기 제조업",29192,일반목적기계,35
분사기 및 소화기 제조업,29193,일반목적기계,35
동력식 수지공구 제조업,29194,일반목적기계,35
그 외 기타 일반목적용 기계 제조업,29199,일반목적기계,35
농업 및 임업용 기계 제조업,29210,특수목적기계,36
전자응용 절삭기계 제조업,29221,특수목적기계,36
디지털 적층 성형기계 제조업,29222,특수목적기계,36
금속 절삭기계 제조업,29223,특수목적기계,36
금속 성형기계 제조업,29224,특수목적기계,36
기타 가공 공작기계 제조업,29229,특수목적기계,36
금속 주조 및 기타 야금용 기계 제조업,29230,특수목적기계,36
건설 및 채광용 기계·장비 제조업,29241,특수목적기계,36
광물처리 및 취급장비 제조업,29242,특수목적기계,36
음ㆍ식료품 및 담배 가공기계 제조업,29250,특수목적기계,36
"산업용 섬유세척, 염색, 정리 및 가공 기계 제조업",29261,특수목적기계,36
"기타 섬유, 의복 및 가죽 가공 기계 제조업",29269,특수목적기계,36
반도체 제조용 기계 제조업,29271,특수목적기계,36
디스플레이 제조용 기계 제조업,29272,특수목적기계,36
산업용 로봇 제조업,29280,특수목적기계,36
펄프 및 종이 가공용 기계 제조업,29291,특수목적기계,36
"고무, 화학섬유 및 플라스틱 성형기 제조업",29292,특수목적기계,36
인쇄 및 제책용 기계 제조업,29293,특수목적기계,36
주형 및 금형 제조업,29294,특수목적기계,36
그 외 기타 특수목적용 기계 제조업,29299,특수목적기계,36
자동차용 엔진 제조업,30110,자동차,37
승용차 및 기타 여객용 자동차 제조업,30121,자동차,37
화물자동차 및 특수 목적용 자동차 제조업,30122,자동차,37
차체 및 특장차 제조업,30201,자동차,37
자동차 구조 및 장치 변경업 ,30202,자동차,37
트레일러 및 세미트레일러 제조업,30203,자동차,37
자동차 엔진용 신품 부품 제조업,30310,자동차부품,38
자동차 차체용 신품 부품 제조업,30320,자동차부품,38
자동차용 신품 동력 전달장치 제조업,30331,자동차부품,38
자동차용 신품 전기장치 제조업,30332,자동차부품,38
자동차용 신품 조향 장치 및 현가장치 제조업,30391,자동차부품,38
자동차용 신품 제동장치 제조업,30392,자동차부품,38
자동차용 신품 의자 제조업,30393,자동차부품,38
그 외 자동차용 신품 부품 제조업,30399,자동차부품,38
자동차 재제조 부품 제조업,30400,자동차부품,38
강선 건조업,31111,조선,39
합성수지선 건조업,31112,조선,39
기타 선박 건조업,31113,조선,39
선박 구성 부분품 제조업,31114,조선,39
오락 및 스포츠용 보트 건조업,31120,조선,39
기관차 및 기타 철도차량 제조업,31201,기타 수송장비,40
철도차량 부품 및 관련 장치물 제조업,31202,기타 수송장비,40
"유인 항공기, 항공 우주선 및 보조장치 제조업",31311,항공,41
무인 항공기 및 무인 비행장치 제조업,31312,항공,41
항공기용 엔진 제조업,31321,항공,41
항공기용 부품 제조업,31322,항공,41
전투용 차량 제조업,31910,기타 수송장비,40
모터사이클 제조업,31920,기타 수송장비,40
자전거 및 환자용 차량 제조업,31991,기타 수송장비,40
그 외 기타 달리 분류 되지 않은 운송장비 제조업,31999,기타 수송장비,40
매트리스 및 침대 제조업,32011,가구,42
소파 및 기타 내장가구 제조업,32019,가구,42
주방용 및 음식점용 목재가구 제조업,32021,가구,42
기타 목재가구 제조업,32029,가구,42
금속 가구 제조업,32091,가구,42
그 외 기타 가구 제조업,32099,가구,42
귀금속 및 관련 제품 제조업,33110,기타 제조업,10
모조 귀금속 및 모조 장신용품 제조업,33120,기타 제조업,10
건반악기 제조업,33201,기타 제조업,10
전자악기 제조업,33202,기타 제조업,10
기타 악기 제조업,33209,기타 제조업,10
"체조, 육상 및 체력 단련용 장비 제조업",33301,기타 제조업,10
놀이터용 장비 제조업,33302,기타 제조업,10
낚시 및 수렵용구 제조업,33303,기타 제조업,10
기타 운동 및 경기 용구 제조업,33309,기타 제조업,10
인형 및 장난감 제조업,33401,기타 제조업,10
영상게임기 제조업,33402,기타 제조업,10
기타 오락용품 제조업,33409,기타 제조업,10
간판 및 광고물 제조업,33910,기타 제조업,10
사무 및 회화용품 제조업,33920,기타 제조업,10
가발 및 유사 제품 제조업,33931,기타 제조업,10
전시용 모형 제조업,33932,기타 제조업,10
표구처리업,33933,기타 제조업,10
단추 및 유사 파스너 제조업,33991,기타 제조업,10
"라이터, 연소물 및 흡연용품 제조업",33992,기타 제조업,10
비 및 솔 제조업,33993,기타 제조업,10
그 외 기타 달리 분류되지 않은 제품 제조업,33999,기타 제조업,10
건설·광업용 기계 및 장비 수리업,34011,기타 제조업,10
기타 일반 기계 및 장비 수리업,34019,기타 제조업,10
전기·전자 및 정밀기기 수리업,34020,기타 제조업,10
원자력 발전업,35111,전기가스수도,43
수력 발전업,35112,전기가스수도,43
화력 발전업,35113,전기가스수도,43
태양력 발전업,35114,전기가스수도,43
기타 발전업,35119,전기가스수도,43
송전 및 배전업,35120,전기가스수도,43
전기 판매업,35130,전기가스수도,43
연료용 가스 제조 및 배관공급업,35200,전기가스수도,43
"증기, 냉·온수 및 공기조절 공급업",35300,전기가스수도,43
생활용수 공급업,36010,전기가스수도,43
산업용수 공급업,36020,전기가스수도,43
하수 처리업,37011,폐수처리및자원재활용,44
폐수 처리업,37012,폐수처리및자원재활용,44
사람 분뇨 처리업,37021,폐수처리및자원재활용,44
축산분뇨 처리업,37022,폐수처리및자원재활용,44
"지정 외 폐기물 수집, 운반업",38110,폐수처리및자원재활용,44
"지정 폐기물 수집, 운반업",38120,폐수처리및자원재활용,44
"건설 폐기물 수집, 운반업",38130,폐수처리및자원재활용,44
지정 외 폐기물 처리업,38210,폐수처리및자원재활용,44
지정 폐기물 처리업,38220,폐수처리및자원재활용,44
건설 폐기물 처리업,38230,폐수처리및자원재활용,44
"방사성 폐기물 수집, 운반 및 처리업",38240,폐수처리및자원재활용,44
금속류 해체 및 선별업,38311,폐수처리및자원재활용,44
금속류 원료 재생업,38312,폐수처리및자원재활용,44
비금속류 해체 및 선별업,38321,폐수처리및자원재활용,44
비금속류 원료 재생업,38322,폐수처리및자원재활용,44
토양 및 지하수 정화업,39001,폐수처리및자원재활용,44
기타 환경 정화 및 복원업,39009,폐수처리및자원재활용,44
단독 주택 건설업,41111,건설,45
아파트 건설업,41112,건설,45
기타 공동 주택 건설업,41119,건설,45
사무·상업용 및 공공기관용 건물 건설업,41121,건설,45
제조업 및 유사 산업용 건물 건설업,41122,건설,45
기타 비주거용 건물 건설업,41129,건설,45
지반 조성 건설업,41210,건설,45
도로 건설업,41221,건설,45
"교량, 터널 및 철도 건설업",41222,건설,45
"항만, 수로, 댐 및 유사 구조물 건설업",41223,건설,45
환경설비 건설업,41224,건설,45
산업생산시설 종합건설업,41225,건설,45
조경 건설업,41226,건설,45
기타 토목 시설물 건설업,41229,건설,45
건물 및 구축물 해체 공사업,42110,건설,45
토공사업,42121,건설,45
"보링, 그라우팅 및 관정 공사업",42122,건설,45
파일공사 및 축조관련 기초 공사업,42123,건설,45
기타 기반 조성 관련 전문공사업,42129,건설,45
철골 및 관련 구조물 공사업,42131,건설,45
콘크리트 및 철근 공사업,42132,건설,45
조적 및 석공사업,42133,건설,45
포장 공사업,42134,건설,45
철도 궤도 전문공사업,42135,건설,45
수중 공사업,42136,건설,45
비계 및 형틀 공사업,42137,건설,45
"지붕, 내ㆍ외벽 축조 관련 전문공사업 ",42138,건설,45
기타 옥외 시설물 축조관련 전문공사업,42139,건설,45
배관 및 냉ㆍ난방 공사업,42201,건설,45
건물용 기계·장비 설치 공사업,42202,건설,45
"방음, 방진 및 내화 공사업",42203,건설,45
소방시설 공사업,42204,건설,45
기타 건물 관련설비 설치 공사업,42209,건설,45
일반전기 공사업,42311,건설,45
내부 전기배선 공사업,42312,건설,45
일반 통신 공사업,42321,건설,45
내부 통신배선 공사업,42322,건설,45
도장 공사업,42411,건설,45
"도배, 실내 장식 및 내장 목공사업",42412,건설,45
유리 및 창호 공사업,42420,건설,45
"미장, 타일 및 방수 공사업",42491,건설,45
건물용 금속 공작물 설치 공사업,42492,건설,45
그 외 기타 건축 마무리 공사업,42499,건설,45
시설물 유지관리 공사업,42500,건설,45
건설장비 운영업,42600,건설,45
자동차 신품 판매업,45110,도소매,46
중고 자동차 판매업,45120,도소매,46
자동차 신품 타이어 및 튜브 판매업,45211,도소매,46
자동차용 전용 신품 부품 판매업,45212,도소매,46
자동차 내장용 전기· 전자·정밀기기 신품 판매업,45213,도소매,46
기타 자동차 신품 부품 및 내장품 판매업,45219,도소매,46
자동차 중고 부품 및 내장품 판매업,45220,도소매,46
모터사이클 및 부품 도매업,45301,도소매,46
모터사이클 및 부품 소매업,45302,도소매,46
산업용 농축산물·섬유 원료 및 동물 중개업,46101,도소매,46
음ㆍ식료품 및 담배 중개업,46102,도소매,46
"섬유, 의복, 신발 및 가죽제품 중개업",46103,도소매,46
목재 및 건축자재 중개업,46104,도소매,46
"연료, 광물, 1차 금속, 비료 및 화학제품 중개업",46105,도소매,46
기계 및 장비 중개업,46106,도소매,46
그 외 기타 특정 상품 중개업,46107,도소매,46
상품 종합중개업,46109,도소매,46
곡물 및 유지작물 도매업,46201,도소매,46
종자 및 묘목 도매업,46202,도소매,46
사료 도매업,46203,도소매,46
화훼류 및 식물 도매업,46204,도소매,46
육지동물 및 애완동물 도매업,46205,도소매,46
기타 산업용 농산물 도매업,46209,도소매,46
과실류 도매업,46311,도소매,46
"채소류, 서류 및 향신작물류 도매업",46312,도소매,46
육류 도매업,46313,도소매,46
건어물 및 젓갈류 도매업,46314,도소매,46
"신선, 냉동 및 기타 수산물 도매업",46315,도소매,46
기타 신선식품 및 단순 가공식품 도매업,46319,도소매,46
육류 가공식품 도매업,46321,도소매,46
수산물 가공식품 도매업,46322,도소매,46
"빵류, 과자류, 당류, 초콜릿 도매업",46323,도소매,46
낙농품 및 동·식물성 유지 도매업,46324,도소매,46
커피 및 차류 도매업,46325,도소매,46
조미료 도매업,46326,도소매,46
기타 가공식품 도매업,46329,도소매,46
주류 도매업,46331,도소매,46
비알코올음료 도매업,46332,도소매,46
담배 도매업,46333,도소매,46
생활용 섬유 및 실 도매업,46411,도소매,46
커튼 및 침구용품 도매업,46412,도소매,46
남녀용 겉옷 및 셔츠 도매업,46413,도소매,46
유아용 의류 도매업,46414,도소매,46
속옷 및 잠옷 도매업,46415,도소매,46
가죽 및 모피제품 도매업,46416,도소매,46
의복 액세서리 및 모조 장신구 도매업,46417,도소매,46
기타 생활용 섬유 및 직물제품 도매업,46419,도소매,46
신발 도매업,46420,도소매,46
생활용 가구 도매업,46431,도소매,46
"전구, 램프 및 조명장치 도매업",46432,도소매,46
생활용 유리ㆍ요업ㆍ 목재ㆍ금속제품 및 날붙이 도매업,46433,도소매,46
기타 비전기식 생활용 기기 및 기구 도매업,46439,도소매,46
의약품 도매업,46441,도소매,46
의료용품 도매업,46442,도소매,46
화장품 및 화장용품 도매업,46443,도소매,46
비누 및 세정제 도매업,46444,도소매,46
"생활용 포장 및 위생 용품, 봉투 및 유사 제품 도매업",46451,도소매,46
"문구용품, 회화용품, 사무용품 도매업",46452,도소매,46
"서적, 잡지 및 기타 인쇄물 도매업",46453,도소매,46
음반 및 비디오물 도매업,46461,도소매,46
악기 도매업,46462,도소매,46
"장난감 및 취미, 오락 용품 도매업",46463,도소매,46
운동 및 경기용품 도매업,46464,도소매,46
자전거 및 기타 운송장비 도매업,46465,도소매,46
가방 및 보호용 케이스 도매업,46491,도소매,46
시계 및 귀금속제품 도매업,46492,도소매,46
"안경, 사진장비 및 광학용품 도매업",46493,도소매,46
그 외 기타 생활용품 도매업,46499,도소매,46
"컴퓨터 및 주변장치, 소프트웨어 도매업",46510,도소매,46
가전제품 및 부품 도매업,46521,도소매,46
통신·방송장비 및 부품 도매업,46522,도소매,46
농림업용 기계 및 장비 도매업,46531,도소매,46
건설ㆍ광업용 기계 및 장비 도매업,46532,도소매,46
공작기계 및 장비 도매업,46533,도소매,46
기타 산업용 기계 및 장비 도매업,46539,도소매,46
사무용 가구 및 기기 도매업,46591,도소매,46
의료기기 도매업,46592,도소매,46
정밀기기 및 과학기기 도매업,46593,도소매,46
수송용 운송장비 도매업,46594,도소매,46
전기용 기계·장비 및 관련 기자재 도매업,46595,도소매,46
전지 및 케이블 도매업,46596,도소매,46
그 외 기타 기계 및 장비 도매업,46599,도소매,46
원목 및 건축 관련 목제품 도매업,46611,도소매,46
"골재, 벽돌 및 시멘트 도매업",46612,도소매,46
유리 및 창호 도매업,46613,도소매,46
배관 및 냉ㆍ난방장치 도매업,46621,도소매,46
"철물, 금속 파스너 및 수공구 도매업",46622,도소매,46
도료 도매업,46691,도소매,46
벽지 및 장판류 도매업,46692,도소매,46
그 외 기타 건축자재 도매업,46699,도소매,46
고체연료 및 관련제품 도매업,46711,도소매,46
액체연료 및 관련제품 도매업,46712,도소매,46
기체연료 및 관련제품 도매업,46713,도소매,46
1차 금속제품 도매업,46721,도소매,46
금속광물 도매업,46722,도소매,46
"염료, 안료 및 관련제품 도매업",46731,도소매,46
비료 및 농약 도매업,46732,도소매,46
플라스틱 물질 및 합성고무 도매업,46733,도소매,46
기타 화학물질 및 화학제품 도매업,46739,도소매,46
방직용 섬유 및 실 도매업,46741,도소매,46
직물 도매업,46742,도소매,46
"종이 원지, 판지, 종이상자 도매업",46750,도소매,46
재생용 재료 수집 및 판매업,46791,도소매,46
그 외 기타 상품 전문 도매업,46799,도소매,46
상품 종합 도매업,46800,도소매,46
백화점,47111,도소매,46
대형 마트,47112,도소매,46
기타 대형 종합 소매업,47119,도소매,46
슈퍼마켓,47121,도소매,46
체인화 편의점,47122,도소매,46
기타 음ㆍ식료품 위주 종합 소매업,47129,도소매,46
면세점,47130,도소매,46
그 외 기타 종합 소매업,47190,도소매,46
"곡물, 곡분 및 가축 사료 소매업",47211,도소매,46
육류 소매업,47212,도소매,46
건어물 및 젓갈류 소매업,47213,도소매,46
"신선, 냉동 및 기타 수산물 소매업",47214,도소매,46
"채소, 과실 및 뿌리작물 소매업",47215,도소매,46
"빵류, 과자류 및 당류 소매업",47216,도소매,46
건강 보조식품 소매업,47217,도소매,46
조리 반찬류 소매업,47218,도소매,46
기타 식료품 소매업,47219,도소매,46
음료 소매업,47221,도소매,46
담배 소매업,47222,도소매,46
"컴퓨터 및 주변장치, 소프트웨어 소매업",47311,도소매,46
통신기기 소매업,47312,도소매,46
가전제품 소매업,47320,도소매,46
남자용 겉옷 소매업,47411,도소매,46
여자용 겉옷 소매업,47412,도소매,46
속옷 및 잠옷 소매업,47413,도소매,46
셔츠 및 블라우스 소매업,47414,도소매,46
한복 소매업,47415,도소매,46
가죽 및 모피의복 소매업,47416,도소매,46
유아용 의류 소매업,47417,도소매,46
기타 의복 소매업,47419,도소매,46
가정용 직물제품 소매업,47421,도소매,46
의복 액세서리 및 모조 장신구 소매업,47422,도소매,46
"섬유 원단, 실 및 기타 섬유제품 소매업",47429,도소매,46
신발 소매업,47430,도소매,46
가방 및 기타 가죽제품 소매업,47440,도소매,46
철물 및 난방용구 소매업,47511,도소매,46
공구 소매업,47512,도소매,46
"벽지, 마루덮개 및 장판류 소매업",47513,도소매,46
"페인트, 창호 및 기타 건설자재 소매업",47519,도소매,46
가구 소매업,47520,도소매,46
전기용품 및 조명장치 소매업,47591,도소매,46
"주방용품 및 가정용 유리, 요업제품 소매업",47592,도소매,46
악기 소매업,47593,도소매,46
그 외 기타 분류 안된 가정용품 소매업,47599,도소매,46
"서적, 신문 및 잡지류 소매업",47611,도소매,46
문구용품 및 회화용품 소매업,47612,도소매,46
음반 및 비디오물 소매업,47620,도소매,46
운동 및 경기용품 소매업,47631,도소매,46
자전거 및 기타 운송장비 소매업,47632,도소매,46
"게임용구, 인형 및 장난감 소매업",47640,도소매,46
운송장비용 주유소 운영업,47711,도소매,46
운송장비용 가스 충전업,47712,도소매,46
가정용 고체연료 소매업,47721,도소매,46
가정용 액체연료 소매업,47722,도소매,46
가정용 가스연료 소매업,47723,도소매,46
의약품 및 의료용품 소매업,47811,도소매,46
의료용 기구 소매업,47812,도소매,46
"화장품, 비누 및 방향제 소매업",47813,도소매,46
사무용 기기 소매업,47821,도소매,46
안경 및 렌즈 소매업,47822,도소매,46
사진기 및 사진용품 소매업,47823,도소매,46
기타 광학 및 정밀 기기 소매업,47829,도소매,46
시계 및 귀금속 소매업,47830,도소매,46
예술품 및 골동품 소매업,47841,도소매,46
"기념품, 관광 민예품 및 장식용품 소매업",47842,도소매,46
화초 및 식물 소매업,47851,도소매,46
애완용 동물 및 관련용품 소매업,47852,도소매,46
그 외 기타 분류 안된 상품 전문 소매업,47859,도소매,46
중고가구 소매업,47861,도소매,46
중고 가전제품 및 통신장비 소매업,47862,도소매,46
기타 중고 상품 소매업,47869,도소매,46
전자상거래 소매 중개업,47911,도소매,46
전자상거래 소매업,47912,도소매,46
기타 통신 판매업,47919,도소매,46
노점 및 유사 이동 소매업,47920,도소매,46
자동판매기 운영업,47991,도소매,46
계약 배달 판매업,47992,도소매,46
방문 판매업,47993,도소매,46
그 외 기타 무점포 소매업,47999,도소매,46
철도 여객운송업,49101,육상창고,47
철도 화물운송업,49102,육상창고,47
도시철도 운송업,49211,육상창고,47
시내버스 운송업,49212,육상창고,47
기타 도시 정기 육상 여객 운송업,49219,육상창고,47
시외버스 운송업,49220,육상창고,47
택시 운송업,49231,육상창고,47
전세버스 운송업,49232,육상창고,47
특수 여객자동차 운송업,49233,육상창고,47
기타 부정기 여객 육상 운송업,49239,육상창고,47
일반 화물자동차 운송업,49301,육상창고,47
용달 화물자동차 운송업,49302,육상창고,47
개별 화물자동차 운송업,49303,육상창고,47
기타 도로화물 운송업,49309,육상창고,47
택배업,49401,육상창고,47
늘찬 배달업,49402,육상창고,47
파이프라인 운송업,49500,육상창고,47
외항 여객 운송업,50111,해운,48
외항 화물 운송업,50112,해운,48
내항 여객 운송업,50121,해운,48
내항 화물 운송업,50122,해운,48
기타 해상 운송업,50130,해운,48
내륙 수상 여객 및 화물 운송업,50201,해운,48
항만 내 여객 운송업,50202,해운,48
기타 내륙 수상 운송업,50209,해운,48
항공 여객운송업,51100,항공운송,49
항공 화물운송업,51200,항공운송,49
일반 창고업,52101,육상창고,47
냉장 및 냉동 창고업,52102,육상창고,47
농산물 창고업,52103,육상창고,47
위험물품 보관업,52104,육상창고,47
기타 보관 및 창고업,52109,육상창고,47
철도 운송지원 서비스업,52911,육상창고,47
여객 자동차 터미널 운영업,52912,육상창고,47
물류 터미널 운영업,52913,육상창고,47
도로 및 관련시설 운영업,52914,육상창고,47
주차장 운영업,52915,육상창고,47
기타 육상 운송 지원 서비스업,52919,육상창고,47
항구 및 기타 해상 터미널 운영업,52921,육상창고,47
기타 수상 운송 지원 서비스업,52929,육상창고,47
공항 운영업,52931,육상창고,47
기타 항공 운송 지원 서비스업,52939,육상창고,47
항공 및 육상 화물 취급업,52941,육상창고,47
수상 화물 취급업,52942,육상창고,47
통관 대리 및 관련 서비스업,52991,육상창고,47
"화물운송 중개, 대리 및 관련 서비스업",52992,육상창고,47
"화물 포장, 검수 및 계량 서비스업",52993,육상창고,47
그 외 기타 분류 안된 운송 관련 서비스업,52999,육상창고,47
호텔업,55101,숙박음식점,50
여관업,55102,숙박음식점,50
휴양콘도 운영업,55103,숙박음식점,50
민박업,55104,숙박음식점,50
기타 일반 및 생활 숙박시설 운영업,55109,숙박음식점,50
기숙사 및 고시원 운영업,55901,숙박음식점,50
그 외 기타 숙박업,55909,숙박음식점,50
한식 일반 음식점업,56111,숙박음식점,50
한식 면요리 전문점,56112,숙박음식점,50
한식 육류요리 전문점,56113,숙박음식점,50
한식 해산물요리 전문점,56114,숙박음식점,50
중식 음식점업,56121,숙박음식점,50
일식 음식점업,56122,숙박음식점,50
서양식 음식점업,56123,숙박음식점,50
기타 외국식 음식점업,56129,숙박음식점,50
기관 구내식당업,56130,숙박음식점,50
출장 음식 서비스업,56141,숙박음식점,50
이동 음식점업,56142,숙박음식점,50
제과점업,56191,숙박음식점,50
"피자, 햄버거, 샌드위치 및 유사 음식점업",56192,숙박음식점,50
치킨 전문점,56193,숙박음식점,50
김밥 및 기타 간이 음식점업,56194,숙박음식점,50
간이음식 포장 판매 전문점,56199,숙박음식점,50
일반 유흥주점업,56211,숙박음식점,50
무도 유흥주점업,56212,숙박음식점,50
생맥주 전문점,56213,숙박음식점,50
기타 주점업,56219,숙박음식점,50
커피 전문점,56221,숙박음식점,50
기타 비알코올 음료점업,56229,숙박음식점,50
교과서 및 학습서적 출판업,58111,출판,51
만화 출판업,58112,출판,51
일반 서적 출판업,58113,출판,51
신문 발행업,58121,출판,51
잡지 및 정기간행물 발행업,58122,출판,51
정기 광고간행물 발행업,58123,출판,51
기타 인쇄물 출판업,58190,출판,51
유선 온라인 게임 소프트웨어 개발 및 공급업,58211,출판,51
모바일 게임 소프트웨어 개발 및 공급업,58212,출판,51
기타 게임 소프트웨어 개발 및 공급업,58219,출판,51
시스템 소프트웨어 개발 및 공급업,58221,출판,51
응용 소프트웨어 개발 및 공급업,58222,출판,51
일반 영화 및 비디오물 제작업,59111,출판,51
애니메이션 영화 및 비디오물 제작업,59112,출판,51
광고 영화 및 비디오물 제작업,59113,출판,51
방송 프로그램 제작업,59114,출판,51
"영화, 비디오물 및 방송 프로그램 제작 관련 서비스업",59120,출판,51
"영화, 비디오물 및 방송프로그램 배급업",59130,출판,51
영화관 운영업,59141,출판,51
비디오물 감상실 운영업,59142,출판,51
음악 및 기타 오디오물 출판업,59201,출판,51
녹음시설 운영업,59202,출판,51
라디오 방송업,60100,방송,52
지상파 방송업,60210,방송,52
프로그램 공급업,60221,방송,52
유선방송업,60222,방송,52
위성 및 기타 방송업,60229,방송,52
공영 우편업,61100,통신,53
유선통신업,61210,통신,53
무선 및 위성통신업,61220,통신,53
통신 재판매업,61291,통신,53
그 외 기타 전기 통신업,61299,통신,53
컴퓨터 프로그래밍 서비스업,62010,정보,54
컴퓨터시스템 통합 자문 및 구축 서비스업,62021,정보,54
컴퓨터 시설 관리업,62022,정보,54
기타 정보기술 및 컴퓨터 운영 관련 서비스업,62090,정보,54
자료 처리업,63111,정보,54
호스팅 및 관련 서비스업,63112,정보,54
포털 및 기타 인터넷 정보 매개 서비스업,63120,정보,54
뉴스 제공업,63910,정보,54
데이터베이스 및 온라인정보 제공업,63991,정보,54
그 외 기타 정보 서비스업,63999,정보,54
중앙은행,64110,금융보험,55
국내은행,64121,금융보험,55
외국은행,64122,금융보험,55
신용조합,64131,금융보험,55
상호저축은행 및 기타 저축기관,64132,금융보험,55
신탁업 및 집합투자업,64201,금융보험,55
기타 금융 투자업,64209,금융보험,55
금융리스업,64911,금융보험,55
개발금융기관,64912,금융보험,55
신용카드 및 할부금융업,64913,금융보험,55
그 외 기타 여신금융업,64919,금융보험,55
기금 운영업,64991,금융보험,55
지주회사,64992,금융보험,55
그 외 기타 분류 안된 금융업,64999,금융보험,55
생명 보험업,65110,금융보험,55
손해 보험업,65121,금융보험,55
보증 보험업,65122,금융보험,55
건강 보험업,65131,금융보험,55
산업재해 및 기타 사회보장 보험업,65139,금융보험,55
재보험업,65200,금융보험,55
개인 공제업,65301,금융보험,55
사업 공제업,65302,금융보험,55
연금업,65303,금융보험,55
금융시장 관리업,66110,금융보험,55
증권 중개업,66121,금융보험,55
선물 중개업,66122,금융보험,55
"증권 발행, 관리, 보관 및 거래 지원 서비스업",66191,금융보험,55
투자 자문업 및 투자 일임업,66192,금융보험,55
그 외 기타 금융 지원 서비스업,66199,금융보험,55
손해사정업,66201,금융보험,55
보험대리 및 중개업,66202,금융보험,55
기타 보험 및 연금관련 서비스업,66209,금융보험,55
주거용 건물 임대업,68111,부동산,56
비주거용 건물 임대업,68112,부동산,56
기타 부동산 임대업,68119,부동산,56
주거용 건물 개발 및 공급업,68121,부동산,56
비주거용 건물 개발 및 공급업,68122,부동산,56
기타 부동산 개발 및 공급업,68129,부동산,56
주거용 부동산 관리업,68211,부동산,56
비주거용 부동산 관리업,68212,부동산,56
부동산 중개 및 대리업,68221,부동산,56
부동산 투자 자문업,68222,부동산,56
부동산 감정평가업,68223,부동산,56
"물리, 화학 및 생물학 연구개발업",70111,전문과학기술,57
농림수산학 및 수의학 연구개발업,70112,전문과학기술,57
의학 및 약학 연구개발업,70113,전문과학기술,57
기타 자연과학 연구 개발업,70119,전문과학기술,57
전기ㆍ전자공학 연구 개발업,70121,전문과학기술,57
기타 공학 연구개발업,70129,전문과학기술,57
자연과학 및 공학 융합 연구개발업,70130,전문과학기술,57
경제 및 경영학 연구개발업,70201,전문과학기술,57
기타 인문 및 사회과학 연구개발업,70209,전문과학기술,57
변호사업,71101,전문과학기술,57
변리사업,71102,전문과학기술,57
법무사업,71103,전문과학기술,57
기타 법무관련 서비스업,71109,전문과학기술,57
공인회계사업,71201,전문과학기술,57
세무사업,71202,전문과학기술,57
기타 회계 관련 서비스업,71209,전문과학기술,57
광고 대행업,71310,전문과학기술,57
옥외 및 전시 광고업,71391,전문과학기술,57
광고매체 판매업,71392,전문과학기술,57
"광고물 문안, 도안, 설계 등 작성업",71393,전문과학기술,57
그 외 기타 광고 관련 서비스업,71399,전문과학기술,57
시장조사 및 여론조사업,71400,전문과학기술,57
제조업 회사본부,71511,전문과학기술,57
기타 산업 회사본부,71519,전문과학기술,57
경영컨설팅업,71531,전문과학기술,57
공공관계 서비스업,71532,전문과학기술,57
기타 전문 서비스업,71600,전문과학기술,57
건축설계 및 관련 서비스업,72111,전문과학기술,57
도시계획 및 조경설계 서비스업,72112,전문과학기술,57
건물 및 토목엔지니어링 서비스업,72121,전문과학기술,57
환경 관련 엔지니어링 서비스업,72122,전문과학기술,57
기타 엔지니어링 서비스업,72129,전문과학기술,57
물질성분 검사 및 분석업,72911,전문과학기술,57
"기타 기술 시험, 검사 및 분석업",72919,전문과학기술,57
측량업,72921,전문과학기술,57
제도업,72922,전문과학기술,57
지질조사 및 탐사업,72923,전문과학기술,57
지도제작업,72924,전문과학기술,57
수의업,73100,전문과학기술,57
인테리어 디자인업,73201,전문과학기술,57
제품 디자인업,73202,전문과학기술,57
시각 디자인업,73203,전문과학기술,57
"패션, 섬유류 및 기타 전문 디자인업",73209,전문과학기술,57
인물 사진 및 행사용 영상 촬영업,73301,전문과학기술,57
상업용 사진 촬영업,73302,전문과학기술,57
사진 처리업,73303,전문과학기술,57
매니저업,73901,전문과학기술,57
번역 및 통역서비스업,73902,전문과학기술,57
사업 및 무형 재산권 중개업,73903,전문과학기술,57
"물품 감정, 계량 및 견본 추출업",73904,전문과학기술,57
"그 외 기타 분류 안된 전문, 과학 및 기술 서비스업",73909,전문과학기술,57
사업시설 유지·관리 서비스업,74100,사업시설관리서비스,58
건축물 일반 청소업,74211,사업시설관리서비스,58
"산업설비, 운송장비 및 공공장소 청소업",74212,사업시설관리서비스,58
"소독, 구충 및 방제 서비스업",74220,사업시설관리서비스,58
조경 관리 및 유지 서비스업,74300,사업시설관리서비스,58
고용 알선업,75110,사업지원,59
임시 및 일용 인력 공급업,75121,사업지원,59
상용 인력 공급 및 인사관리 서비스업,75122,사업지원,59
여행사업,75210,사업지원,59
기타 여행보조 및 예약 서비스업,75290,사업지원,59
경비 및 경호 서비스업,75310,사업지원,59
보안시스템 서비스업,75320,사업지원,59
탐정 및 조사 서비스업,75330,사업지원,59
문서 작성업,75911,사업지원,59
복사업,75912,사업지원,59
기타 사무지원 서비스업,75919,사업지원,59
콜센터 및 텔레마케팅 서비스업,75991,사업지원,59
"전시, 컨벤션 및 행사 대행업",75992,사업지원,59
신용조사 및 추심 대행업,75993,사업지원,59
포장 및 충전업,75994,사업지원,59
그 외 기타 분류 안된 사업지원 서비스업,75999,사업지원,59
자동차 임대업,76110,임대,60
기타 운송장비 임대업,76190,임대,60
스포츠 및 레크리에이션 용품 임대업,76210,임대,60
음반 및 비디오물 임대업,76220,임대,60
서적 임대업,76291,임대,60
의류 임대업,76292,임대,60
그 외 기타 개인 및 가정용품 임대업,76299,임대,60
건설 및 토목공사용 기계·장비 임대업,76310,임대,60
컴퓨터 및 사무용 기계·장비 임대업,76320,임대,60
기타 산업용 기계 및 장비 임대업,76390,임대,60
무형재산권 임대업,76400,임대,60
입법기관,84111,공공행정,61
중앙 최고 집행기관,84112,공공행정,61
지방행정 집행기관,84113,공공행정,61
재정 및 경제정책 행정,84114,공공행정,61
기타 일반 공공 행정,84119,공공행정,61
정부기관 일반 보조 행정,84120,공공행정,61
교육 행정,84211,공공행정,61
문화 및 관광 행정,84212,공공행정,61
환경 행정,84213,공공행정,61
보건 및 복지 행정,84214,공공행정,61
기타 사회서비스 관리 행정,84219,공공행정,61
노동 행정,84221,공공행정,61
농림수산 행정,84222,공공행정,61
건설 및 운송 행정,84223,공공행정,61
우편 및 통신행정,84224,공공행정,61
기타 산업진흥 행정,84229,공공행정,61
외무 행정,84310,공공행정,61
국방 행정,84320,공공행정,61
법원,84401,공공행정,61
검찰,84402,공공행정,61
교도기관,84403,공공행정,61
경찰,84404,공공행정,61
소방서,84405,공공행정,61
기타 사법 및 공공질서 행정,84409,공공행정,61
사회보장 행정,84500,공공행정,61
유아 교육기관,85110,교육,62
초등학교,85120,교육,62
중학교,85211,교육,62
일반 고등학교,85212,교육,62
상업 및 정보산업 특성화 고등학교,85221,교육,62
공업 특성화 고등학교,85222,교육,62
기타 특성화 고등학교,85229,교육,62
전문대학,85301,교육,62
대학교,85302,교육,62
대학원,85303,교육,62
특수학교,85410,교육,62
외국인 학교,85420,교육,62
대안학교,85430,교육,62
일반 교과 학원,85501,교육,62
방문 교육 학원,85502,교육,62
온라인 교육 학원,85503,교육,62
태권도 및 무술 교육기관,85611,교육,62
기타 스포츠 교육기관,85612,교육,62
레크리에이션 교육기관,85613,교육,62
청소년 수련시설 운영업,85614,교육,62
음악학원,85621,교육,62
미술학원,85622,교육,62
기타 예술학원,85629,교육,62
외국어학원,85631,교육,62
기타 교습학원,85632,교육,62
사회교육시설,85640,교육,62
직원훈련기관,85650,교육,62
운전학원,85661,교육,62
기타 기술 및 직업훈련 학원,85669,교육,62
컴퓨터 학원,85691,교육,62
그 외 기타 분류 안된 교육기관,85699,교육,62
교육 관련 자문 및 평가업,85701,교육,62
기타 교육 지원 서비스업,85709,교육,62
종합병원,86101,의료보건,63
일반병원,86102,의료보건,63
치과병원,86103,의료보건,63
한방병원,86104,의료보건,63
요양병원,86105,의료보건,63
일반의원,86201,의료보건,63
치과의원,86202,의료보건,63
한의원,86203,의료보건,63
방사선 진단 및 병리 검사 의원,86204,의료보건,63
공중 보건 의료업,86300,의료보건,63
앰뷸런스 서비스업,86901,의료보건,63
유사 의료업,86902,의료보건,63
그 외 기타 보건업,86909,의료보건,63
노인 요양 복지시설 운영업,87111,사회복지,64
노인 양로 복지시설 운영업,87112,사회복지,64
신체 부자유자 거주 복지시설 운영업,87121,사회복지,64
"정신질환, 정신지체 및 약물 중독자 거주 복지시설 운영업",87122,사회복지,64
아동 및 부녀자 거주 복지시설 운영업,87131,사회복지,64
그 외 기타 거주 복지 시설 운영업,87139,사회복지,64
보육시설 운영업,87210,사회복지,64
직업재활원 운영업,87291,사회복지,64
종합복지관 운영업,87292,사회복지,64
방문 복지서비스 제공업,87293,사회복지,64
사회복지 상담서비스 제공업,87294,사회복지,64
그 외 기타 비거주 복지 서비스업,87299,사회복지,64
공연시설 운영업,90110,예술스포츠여가,65
연극단체,90121,예술스포츠여가,65
무용 및 음악단체,90122,예술스포츠여가,65
기타 공연단체,90123,예술스포츠여가,65
공연 예술가,90131,예술스포츠여가,65
비공연 예술가,90132,예술스포츠여가,65
공연 기획업,90191,예술스포츠여가,65
공연 및 제작 관련 대리업,90192,예술스포츠여가,65
그 외 기타 창작 및 예술 관련 서비스업,90199,예술스포츠여가,65
도서관 및 기록보존소 운영업,90211,예술스포츠여가,65
독서실 운영업,90212,예술스포츠여가,65
박물관 운영업,90221,예술스포츠여가,65
사적지 관리 운영업,90222,예술스포츠여가,65
식물원 및 동물원 운영업,90231,예술스포츠여가,65
자연공원 운영업,90232,예술스포츠여가,65
기타 유사 여가 관련 서비스업,90290,예술스포츠여가,65
실내 경기장 운영업,91111,예술스포츠여가,65
실외 경기장 운영업,91112,예술스포츠여가,65
경주장 및 동물 경기장 운영업,91113,예술스포츠여가,65
골프장 운영업,91121,예술스포츠여가,65
스키장 운영업,91122,예술스포츠여가,65
종합 스포츠시설 운영업,91131,예술스포츠여가,65
체력단련시설 운영업,91132,예술스포츠여가,65
수영장 운영업,91133,예술스포츠여가,65
볼링장 운영업,91134,예술스포츠여가,65
당구장 운영업,91135,예술스포츠여가,65
골프연습장 운영업,91136,예술스포츠여가,65
그 외 기타 스포츠 시설 운영업,91139,예술스포츠여가,65
스포츠 클럽 운영업,91191,예술스포츠여가,65
그 외 기타 스포츠 서비스업,91199,예술스포츠여가,65
유원지 및 테마파크 운영업,91210,예술스포츠여가,65
전자 게임장 운영업,91221,예술스포츠여가,65
컴퓨터 게임방 운영업,91222,예술스포츠여가,65
노래연습장 운영업,91223,예술스포츠여가,65
기타 오락장 운영업,91229,예술스포츠여가,65
낚시장 운영업,91231,예술스포츠여가,65
기타 수상오락 서비스업,91239,예술스포츠여가,65
복권 발행 및 판매업,91241,예술스포츠여가,65
기타 사행시설 관리 및 운영업,91249,예술스포츠여가,65
무도장 운영업,91291,예술스포츠여가,65
체육공원 및 유사 공원 운영업,91292,예술스포츠여가,65
기원 운영업,91293,예술스포츠여가,65
그 외 기타 분류 안된 오락관련 서비스업,91299,예술스포츠여가,65
산업 단체,94110,기타 서비스,66
전문가 단체,94120,기타 서비스,66
노동조합,94200,기타 서비스,66
불교 단체,94911,기타 서비스,66
기독교 단체,94912,기타 서비스,66
천주교 단체,94913,기타 서비스,66
민족종교 단체,94914,기타 서비스,66
기타 종교 단체,94919,기타 서비스,66
정치 단체,94920,기타 서비스,66
환경운동 단체,94931,기타 서비스,66
기타 시민운동 단체,94939,기타 서비스,66
그 외 기타 협회 및 단체,94990,기타 서비스,66
컴퓨터 및 주변기기 수리업,95110,기타 서비스,66
통신장비 수리업,95120,기타 서비스,66
자동차 종합 수리업,95211,기타 서비스,66
자동차 전문 수리업,95212,기타 서비스,66
자동차 세차업,95213,기타 서비스,66
모터사이클 수리업,95220,기타 서비스,66
가전제품 수리업,95310,기타 서비스,66
의복 및 기타 가정용 직물제품 수리업,95391,기타 서비스,66
"가죽, 가방 및 신발 수리업",95392,기타 서비스,66
"시계, 귀금속 및 악기 수리업",95393,기타 서비스,66
그 외 기타 개인 및 가정용품 수리업,95399,기타 서비스,66
이용업,96111,기타 서비스,66
두발미용업,96112,기타 서비스,66
피부미용업,96113,기타 서비스,66
기타 미용업,96119,기타 서비스,66
욕탕업,96121,기타 서비스,66
마사지업,96122,기타 서비스,66
체형 등 기타 신체관리 서비스업,96129,기타 서비스,66
산업용 세탁업,96911,기타 서비스,66
가정용 세탁업,96912,기타 서비스,66
세탁물 공급업,96913,기타 서비스,66
장례식장 및 장의관련 서비스업,96921,기타 서비스,66
"화장터 운영, 묘지 분양 및 관리업",96922,기타 서비스,66
예식장업,96991,기타 서비스,66
점술 및 유사 서비스업,96992,기타 서비스,66
개인 간병 및 유사 서비스업,96993,기타 서비스,66
결혼 상담 및 준비 서비스업,96994,기타 서비스,66
애완동물 장묘 및 보호 서비스업,96995,기타 서비스,66
그 외 기타 달리 분류 되지 않은 개인 서비스업,96999,기타 서비스,66
가구 내 고용활동,97000,기타 서비스,66
자가 소비를 위한 가사 생산 활동,98100,기타 서비스,66
자가 소비를 위한 가사 서비스 활동,98200,기타 서비스,66
주한 외국공관,99001,기타 서비스,66
기타 국제 및 외국기관,99009,기타 서비스,66
